sigla;n_organizacoes;n_linhagens;denominacoes;resolucao
ACE;2;2;ASSOCIAÇÃO COMERCIAL DE ESPINHO E OUTROS CONCELHOS DA REGIÃO NORTE E CENTRO | ASSOCIAÇÃO COMERCIAL E EMPRESARIAL DE ABRANTES, CONSTANCIA, S.A.RDOAL, MAÇÃO E VILA DE REI;
ACIS;3;2;ASSOCIAÇÃO COMERCIAL, INDUSTRIAL E DE SERVIÇOS DOS CONCELHOS DE TORRES NOVAS, ENTRONCAMENTO, ALCANENA E GOLEGÃ | ASSOCIAÇÃO EMPRESARIAL BEIRA ALTA | ASSOCIAÇÃO EMPRESARIAL DE TORRES NOVAS, ENTRONCAMENTO, ALCANENA E GOLEGÃ;
AEP;2;2;ASSOCIAÇÃO EMPRESARIAL DE PENAFIEL | TICET - ASSOCIAÇÃO EMPRESARIAL DE PORTUGAL DOS AGENTES DE SERVIÇOS DAS TECNOLOGIAS DE INFORMAÇÃO COMUNICAÇÃO ENERGÉTICOS E TELECOMUNICAÇÕES;
AES;3;2;ASSOCIAÇÃO DE EMPRESAS DE SEGURANÇA | ASSOCIAÇÃO EMPRESARIAL DE SINES | ASSOCIAÇÃO EMPRESARIAL DE SINES;
AGENTESNAVEGACAO;3;2;ASSOCIAÇÃO DOS AGENTES DE NAVEGAÇÃO DO CENTRO DE PORTUGAL | ASSOCIAÇÃO DOS AGENTES DE NAVEGAÇÃO DO NORTE DE PORTUGAL | ASSOCIAÇÃO DOS AGENTES DE NAVEGAÇÃO DO PORTO E LEIXÕES;
AGRICOLASDISTRITO;8;8;SINDICATO DOS TRABALHADORES AGRÍCOLAS DO DISTRITO DE BEJA | SINDICATO DOS TRABALHADORES AGRÍCOLAS DO DISTRITO DE BRAGA | SINDICATO DOS TRABALHADORES AGRÍCOLAS DO DISTRITO DE BRAGANÇA | SINDICATO DOS TRABALHADORES AGRICOLAS DO DISTRITO DE CASTELO BRANCO | SINDICATO DOS TRABALHADORES AGRÍCOLAS DO DISTRITO DE FARO | SINDICATO DOS TRABALHADORES AGRÍCOLAS DO DISTRITO DE VILA REAL | SINDICATO DOS TRABALHADORES AGRÍCOLAS DO DISTRITO DE VISEU | SINDICATO DOS TRABALHADORES AGRÍCOLAS DO DISTRITO DO PORTO;
AGRICOLASSUL;2;2;FEDERAÇAO DOS SINDICATOS DOS TRABALHADORES AGRÍCOLAS DO SUL | FEDERAÇAO DOS SINDICATOS DOS TRABALHADORES AGRICOLAS DO SUL;
AGRICULTORES;4;2;ASSOCIAÇÃO DOS AGRICULTORES DOS CONCELHOS DE ABRANTES, CONSTÂNCIA, S.A.RDOAL E MAÇÃO | ASSOCIAÇÃO DOS AGRICULTORES DOS CONCELHOS DE ABRANTES, CONSTÂNCIA, S.A.RDOAL E MAÇÃO | ASSOCIAÇÃO DOS AGRICULTORES RENDEIROS DOS DISTRITO DE LISBOA E SANTAREM | ASSOCIAÇÃO DOS AGRICULTORES-RENDEIROS DOS CONCELHOS DE VILA FRANCA DE XIRA, BENAVENTE E SALVATERRA DE MAGOS;
AGRICULTORESCONCELHO;4;4;ASSOCIAÇÃO DOS AGRICULTORES DO CONCELHO DE AZAMBUJA | ASSOCIAÇÃO DOS AGRICULTORES DO CONCELHO DE MAFRA | ASSOCIAÇÃO DOS AGRICULTORES DO CONCELHO DE SERPA | ASSOCIAÇÃO DOS AGRICULTORES DO CONCELHO DE VILA REAL;
AGRICULTORESDISTRITO;2;2;ASSOCIAÇÃO DE AGRICULTORES DO DISTRITO DE ÉVORA | ASSOCIAÇÃO DOS AGRICULTORES DO DISTRITO DE SETÚBAL;
AGRICULTORESSULTEJO;2;2;ASSOCIAÇÃO DE AGRICULTORES AO SUL DO TEJO | ASSOCIAÇÃO DE AGRICULTORES AO SUL DO TEJO;
AGRICULTURADISTRITO;5;5;SINDICATO DOS TRABALHADORES DA AGRICULTURA DO DISTRITO DE BEJA | SINDICATO DOS TRABALHADORES DA AGRICULTURA DO DISTRITO DE ÉVORA | SINDICATO DOS TRABALHADORES DA AGRICULTURA DO DISTRITO DE LEIRIA | SINDICATO DOS TRABALHADORES DA AGRICULTURA DO DISTRITO DE PORTALEGRE | SINDICATO DOS TRABALHADORES NA AGRICULTURA DO DISTRITO DA GUARDA;
AIC;2;2;ASSOCIAÇÃO DOS INDUTRIAIS DE COSMÉTICA, PERFUMARIA E HIGIENE CORPORAL (AIC) | ASSOCIAÇÃO INDUSTRIAL DE CRISTALARIA;
AIM;5;3;ASSOCIAÇÃO DAS INDÚSTRIAS MARÍTIMAS | ASSOCIAÇÃO DOS INDÚSTRIAIS DE MOAGEM | ASSOCIAÇÃO INDUSTRIAL DO MINHO | ASSOCIAÇÃO INDUSTRIAL DO MINHO | ASSOCIAÇÃO INDUSTRIAL DO MINHO - ASSOCIAÇÃO EMPRESARIAL AIM;
AIT;3;3;ASSOCIAÇÃO DOS INDÚSTRIAIS DE TERRAPLANAGENS DO BAIXO ALENTEJO | ASSOCIAÇÃO DOS INDÚSTRIAIS DE TOMATE | ASSOCIAÇÃO DOS INDÚSTRIAIS DE TOMATE;
ANEL;3;2;ASSOCIAÇÃO NACIONAL DAS EMPRESAS LUTUOSAS | ASSOCIAÇÃO NACIONAL DOS EMPRESÁRIOS DE LIMPEZA | ASSOCIAÇÃO NACIONAL DOS EMPRESÁRIOS DE LIMPEZA;
ANEPI;2;2;ASSOCIAÇÃO EMPRESARIAL DOS PROFISSIONAIS INDEPENDENTES | ASSOCIAÇÃO NACIONAL DE EMPRESAS DE PROTECÇÃO INCÊNDIO;
ANIB;2;2;ASSOCIAÇÃO NACIONAL DE ARMAZENISTAS E IMPORTADORES DE BANANAS | ASSOCIAÇÃO NACIONAL DOS INDÚSTRIAIS DE BOTÕES E ACESSÓRIOS TÊXTEIS (ANIB);
ANIL;3;2;ASSOCIAÇÃO NACIONAL DOS INDÚSTRIAIS DE LACTICÍNIOS (ANIL) | ASSOCIAÇÃO NACIONAL DOS INDÚSTRIAIS DE LANIFÍCIOS | ASSOCIAÇÃO NACIONAL DOS INDÚSTRIAIS DE LANIFÍCIOS(ANIL);
ANIP;2;2;ASSOCIAÇÃO NACIONAL DOS INDÚSTRIAIS DA PEDRA | ASSOCIAÇÃO NACIONAL DOS INDÚSTRIAIS DE PIMENTÃO;
ANIPC;3;2;ASSOCIAÇÃO NACIONAL DOS INDÚSTRIAIS DE PAPEL E CARTÃO | ASSOCIAÇÃO NACIONAL DOS INDÚSTRIAIS DE PAPEL E CARTÃO | ASSOCIAÇÃO NACIONAL DOS INDÚSTRIAIS DE PRODUTOS DE CIMENTO;
ANO;3;2;ASSOCIAÇÃO NACIONAL DE OSTEOPATAS | ASSOCIAÇÃO NACIONAL DE TERAPEUTAS MANIPULATIVOS | ASSOCIAÇÃO NACIONAL DE OSTEOPATAS;
APC;3;2;ASSOCIAÇÃO PORTUGUESA DE CERÂMICA | ASSOCIAÇÃO PORTUGUESA DE EMPRESAS DE INVESTIMENTO | ASSOCIAÇÃO PORTUGUESA DE SOCIEDADES CORRETORAS E FINANCEIRAS DE CORRETAGEM;
APCVD;3;2;ASSOCIAÇÃO PORTUGUESA DOS COMERCIANTES DE VENDA AO DOMICÍLIO (APCVD) | ASSOCIAÇÃO PORTUGUESA DOS COMERCIANTES DE VENDA DIRECTA | ASSOCIAÇÃO PORTUGUESA DOS COMERCIANTES DE VENDA DIRECTA (EXTINTA);
APEP;2;2;ASSOCIAÇÃO DE PUBLICIDADE EXTERIOR DE PORTUGAL | ASSOCIAÇÃO PORTUGUESA DE ESTÉTICA APLICADA E PROFISSÕES AFINS;
APH;2;2;ASSOCIAÇÃO PORTUGUESA DE HOMEOPATIA | ASSOCIAÇÃO PORTUGUESA DE HOTEIS;
APO;3;3;ASSOCIAÇÃO PORTUGUESA DE ODONTOLOGIA | ASSOCIAÇÃO PORTUGUESA DE ODONTOLOGISTAS | ASSOCIAÇÃO PORTUGUESA DE OSTEOPATAS;
APS;2;2;ASSOCIAÇÃO PORTUGUESA DE SEGURADORES | ASSOCIAÇÃO PORTUGUESA DE SUINICULTORES;
ARESP;2;2;ASSOCIAÇÃO DA RESTAURAÇÃO E SIMILARES DE PORTUGAL | ASSOCIAÇÃO DOS RESTAURANTES E SIMILARES DE PORTUGAL;
ARMADORESPESCA;2;2;ASSOCIAÇÃO DOS ARMADORES DA PESCA DO GUADIANA | ASSOCIAÇÃO DOS ARMADORES DE PESCA ARTESANAL E DE PESCA INDUSTRIAL COM EMBARCAÇÕES NÃO AGREMIADAS DE VILA DO CONDE E POVOA DO VARZIM;
ARMAZENISTAS;3;3;ASSOCIAÇÃO DOS ARMAZENISTAS, EXPORTADORES E REFINADORES DE AZEITE | ASSOCIAÇÃO PORTUGUESA DOS ARMAZENISTAS DE FERRAGENS, FERRAMENTAS E EQUIPAMENTOS INDÚSTRIAIS | ASSOCIAÇÃO PORTUGUESA DOS ARMAZENISTAS E IMPORTADORES DE AÇOS TUBOS E METAIS;
ARMAZENISTASTABACOS;3;2;ASSOCIAÇÃO DOS ARMAZENISTAS DE TABACOS DO NORTE | ASSOCIAÇÃO DOS ARMAZENISTAS DE TABACOS DO NORTE | ASSOCIAÇÃO PORTUGUESA DE ARMAZENISTAS DE TABACOS;
ARP;3;3;ASSOCIAÇÃO DOS RECAUCHUTADORES DE PORTUGAL | ASSOCIAÇÃO RODOVIÁRIA DE TRANSPORTADORES PESADOS DE PASSAGEIROS | ASSOCIAÇÃO REPRESENTATIVA DOS POLICIAS;
BARBEIROS;5;5;ASSOCIAÇÃO DOS BARBEIROS E CABELEIREIROS DO DISTRITO DE BRAGA | ASSOCIAÇÃO DOS BARBEIROS E CABELEIREIROS DO NORTE | FEDERAÇÃO DAS ASSOCIAÇÕES DE BARBEIROS CABELEIREIROS E INSTITUTOS DE BELEZA | SINDICATO DOS TRABALHADORES BARBEIROS, CABELEIREIROS E OFICIOS CORRELATIVOS DO CENTRO E SUL | SINDICATO DOS TRABALHADORES BARBEIROS, CABELEIREIROS E OFÍCIOS CORRELATIVOS DOS DISTRITOS DO PORTO, AVEIRO, BRAGANÇA, GUARDA E VIAL REAL;
CABELEIREIROS;3;3;ASSOCIAÇÃO DOS CABELEIREIROS DE PORTUGAL | ASSOCIAÇÃO DOS CABELEIREIROS DO DISTRITO DE LEIRIA | ASSOCIAÇÃO DOS CABELEIREIROS E BARBEARIAS DO SUL;
CARPINTEIROSNAVAIS;2;2;SINDICATO DOS CARPINTEIROS NAVAIS, CALAFATES E OFÍCIOS CORRELATIVOS, MECÂNICOS E DE MADEIRAS, VELEIROS , POLIDORES, ESTUFADORES E CONSTRUÇÃO NAVAL DE FIBRAS | SINDICATO DOS CARPINTEIROS NAVAIS, CALAFATES, PINTORES E OFÍCIOS CORRELATIVOS DO DISTRITO DO PORTO;
CASASPASTOVINHOS;3;2;ASSOCIAÇÃO DAS CASAS DE PASTO E DE VINHOS DO CENTRO/SUL DE PORTUGAL | ASSOCIAÇÃO DAS CASAS DE PASTO E DE VINHOS DO DISTRITO DE LISBOA | ASSOCIAÇÃO DAS CASAS DE PASTO E DE VINHOS DOS CONCELHOS DO PORTO, MATOSINHOS, MAIA, VALONGO, GONDOMAR E VILA NOVA DE GAIA;
CGTPIN;5;5;CONFEDERAÇÃO GERAL DOS TRABALHADORES PORTUGUESES - INTERSINDICAL NACIONAL | UNIÃO DOS SINDICATOS DE BRAGANÇA | UNIÃO DOS SINDICATOS DO DISTRITO DE BRAGA | UNIÃO DOS SINDICATOS DO DISTRITO DE SETÚBAL | UNIÃO DOS SINDICATOS DO DISTRITO DE VILA REAL;
COMERCIALCONCELHO;10;10;ASSOCIAÇÃO COMERCIAL DO CONCELHO DE CASCAIS | ASSOCIAÇÃO COMERCIAL DO CONCELHO DE GONDOMAR | ASSOCIAÇÃO COMERCIAL DO CONCELHO DE MATOSINHOS | ASSOCIAÇÃO COMERCIAL DO CONCELHO DE OEIRAS | ASSOCIAÇÃO COMERCIAL DO CONCELHO DE OLIVEIRA DE AZEMEIS | ASSOCIAÇÃO COMERCIAL DO CONCELHO DE PAREDES | ASSOCIAÇÃO COMERCIAL DO CONCELHO DE SANTO TIRSO | ASSOCIAÇÃO COMERCIAL DO CONCELHO DE SEIA | ASSOCIAÇÃO COMERCIAL DO CONCELHO DE VALONGO | ASSOCIAÇÃO COMERCIAL DO CONCELHO DO BOMBARRAL;
COMERCIALCONCELHOS;5;5;ASSOCIAÇÃO COMERCIAL DOS CONCELHOS DAS CALDAS DA RAINHA E ÓBIDOS | ASSOCIAÇÃO COMERCIAL DOS CONCELHOS DE ABRANTES, CONSTÂNCIA E SARDOAL | ASSOCIAÇÃO COMERCIAL DOS CONCELHOS DE MONÇÃO E MELGAÇO | ASSOCIAÇÃO COMERCIAL DOS CONCELHOS DE OEIRAS E AMADORA | ASSOCIAÇÃO COMERCIAL DOS CONCELHOS DE OVAR E S.JOÃO DA MADEIRA;
COMERCIALDISTRITO;4;3;ASSOCIAÇÃO COMERCIAL DO DISTRITO DE AVEIRO | ASSOCIAÇÃO COMERCIAL DO DISTRITO DE AVEIRO | ASSOCIAÇÃO COMERCIAL DO DISTRITO DE BEJA | ASSOCIAÇÃO COMERCIAL DO DISTRITO DE ÉVORA;
COMERCIALEMPRESARIAL;3;3;ASSOCIAÇÃO COMERCIAL E EMPRESARIAL DE ABRANTES, CONSTANCIA, S.A.RDOAL, MAÇÃO E VILA DE REI | ASSOCIAÇÃO COMERCIAL E EMPRESARIAL DE SANTARÉM | ASSOCIAÇÃO COMERCIAL E EMPRESARIAL DOS CONCELHOS DE OEIRAS E AMADORA;
COMERCIALINDUSTRIAL;29;28;ASSOCIAÇÃO  COMERCIAL E INDUSTRIAL DO CONCELHO DO FUNDÃO | ASSOCIAÇÃO COMERCIAL E INDUSTRIAL DE ALIJÓ | ASSOCIAÇÃO COMERCIAL E INDUSTRIAL DE ARCOS DE VALDEVEZ | ASSOCIAÇÃO COMERCIAL E INDUSTRIAL DE BAIÃO | ASSOCIAÇÃO COMERCIAL E INDUSTRIAL DE BARCELOS | ASSOCIAÇÃO COMERCIAL E INDUSTRIAL DE GUIMARÃES | ASSOCIAÇÃO COMERCIAL E INDUSTRIAL DE MIRANDELA | ASSOCIAÇÃO COMERCIAL E INDUSTRIAL DE SERNANCELHE | ASSOCIAÇÃO COMERCIAL E INDUSTRIAL DE VALENÇA | ASSOCIAÇÃO COMERCIAL E INDUSTRIAL DE VILA DO CONDE | ASSOCIAÇÃO COMERCIAL E INDUSTRIAL DE VILA POUCA DE AGUIAR | ASSOCIAÇÃO COMERCIAL E INDUSTRIAL DE VILA REAL | ASSOCIAÇÃO COMERCIAL E INDUSTRIAL DE VIZELA | ASSOCIAÇÃO COMERCIAL E INDUSTRIAL DO CONCELHO DE GONDOMAR | ASSOCIAÇÃO COMERCIAL E INDUSTRIAL DO CONCELHO DE PAREDES | ASSOCIAÇÃO COMERCIAL E INDUSTRIAL DO CONCELHO DE SANTO TIRSO | ASSOCIAÇÃO COMERCIAL E INDUSTRIAL DO CONCELHO DE SEIA | ASSOCIAÇÃO COMERCIAL E INDUSTRIAL DO CONCELHO DE TRANCOSO | ASSOCIAÇÃO COMERCIAL E INDUSTRIAL DO CONCELHO DE VALONGO | ASSOCIAÇÃO COMERCIAL E INDUSTRIAL DOS CONCELHOS DA COVILHÃ, BELMONTE E PENAMACOR | ASSOCIAÇÃO COMERCIAL E INDUSTRIAL DOS CONCELHOS DE MONÇÃO E MELGAÇO | ASSOCIAÇÃO COMERCIAL E INDUSTRIAL DOS CONCELHOS DE PESO DA RÉGUA,SANTA MARTA DE PENAGUIÃO E MESÃO FRIO | ASSOCIAÇÃO COMERCIAL E INDUSTRIAL DOS CONCELHOS DE TRANCOSO, AGUIAR DA BEIRA E MEDA | ASSOCIAÇÃO COMERCIAL INDUSTRIAL DE MACEDO DE CAVALEIROS | ASSOCIAÇÃO COMERCIAL, INDUSTRIAL E DE SERVIÇOS DA NAZARÉ | ASSOCIAÇÃO COMERCIAL, INDUSTRIAL E DE SERVIÇOS DE BRAGANÇA | ASSOCIAÇÃO COMERCIAL, INDUSTRIAL E DE SERVIÇOS DE VILA NOVA DE GAIA | ASSOCIAÇÃO COMERCIAL, INDUSTRIAL E SERVIÇOS DE CASTELO BRANCO, IDANHA-A-NOVA E VILA VELHA DE RODÃO | ASSOCIAÇÃO COMERCIAL, INDUSTRIAL E SERVIÇOS DO CONCELHO DE RESENDE;
COMERCIALINDUSTRIAS;14;13;ASSOCIAÇÃO COMERCIAL E INDÚSTRIAS DE AMARANTE | ASSOCIAÇÃO COMERCIAL E INDÚSTRIAS DE FAFE, CABECEIRAS DE BASTO E CELORICO DE BASTO | ASSOCIAÇÃO COMERCIAL E INDÚSTRIAS DE FELGUEIRAS | ASSOCIAÇÃO COMERCIAL E INDÚSTRIAS DE LAMEGO E VALE DO DOURO SUL | ASSOCIAÇÃO COMERCIAL E INDÚSTRIAS DE LAMEGO E VALE DO DOURO SUL | ASSOCIAÇÃO COMERCIAL E INDÚSTRIAS DE MARCO DE CANAVESES | ASSOCIAÇÃO COMERCIAL E INDÚSTRIAS DE RIO MAIOR | ASSOCIAÇÃO COMERCIAL E INDÚSTRIAS DE VILA NOVA DE GAIA | ASSOCIAÇÃO COMERCIAL E INDÚSTRIAS DO CONCELHO DA MAIA | ASSOCIAÇÃO COMERCIAL E INDÚSTRIAS DO CONCELHO DE ALENQUER | ASSOCIAÇÃO COMERCIAL E INDÚSTRIAS DO CONCELHO DE PENAFIEL | ASSOCIAÇÃO COMERCIAL E INDÚSTRIAS DO CONCELHO DE SANTO TIRSO | ASSOCIAÇÃO COMERCIAL E INDÚSTRIAS DOS CONCELHOS DE CASTELO BRANCO E VILA VELHA DE RODÃO | ASSOCIAÇÃO COMERCIAL E INDÚSTRIAS DOS CONCELHOS DE SERTÃ, PROENÇA-A-NOVA,VILA DE REI E OLEIROS;
COMERCIALLOUSADA;2;2;ASSOCIAÇÃO COMERCIAL DE LOUSADA | ASSOCIAÇÃO COMERCIAL DE LOUSADA;
COMERCIALSERVICOS;3;2;ASSOCIAÇÃO COMERCIAL DE SERVIÇOS E INDUSTRIAL DE ALCOBAÇA | ASSOCIAÇÃO COMERCIAL DE SERVIÇOS E INDUSTRIAL DE ALCOBAÇA E DA REGIÃO DE LEIRIA | ASSOCIAÇÃO COMERCIAL E SERVIÇOS DOS CONCELHOS DE ABRANTES, CONSTANCIA SARDOAL E MAÇÃO;
COMERCIALVILANOVA;2;2;ASSOCIAÇÃO COMERCIAL DE VILA NOVA DE FAMALICÃO | ASSOCIAÇÃO COMERCIAL DE VILA NOVA DE GAIA;
COMERCIANTES;20;17;ASSOCIAÇÃO DE COMERCIANTES DE MATERIAIS DE CONSTRUÇÃO | ASSOCIAÇÃO DE COMERCIANTES DOS CONCELHOS DE VILA FRANCA DE XIRA E ARRUDA DOS VINHOS | ASSOCIAÇÃO DE COMERCIANTES E INDÚSTRIAS DOS CONCELHOS DE TOMAR, FERREIRA DO ZÊZERE E VILA NOVA DA BARQUINHA | ASSOCIAÇÃO DE COMERCIANTES RETALHISTAS DOS CONCELHOS DE SANTARÉM, ALPIARÇA, CHAMUSCA, ALMEIRIM E CARTAXO | ASSOCIAÇÃO DOS COMERCIANTES DE COMBUSTÍVEIS DOMÉSTICOS DO DISTRITO DE LISBOA | ASSOCIAÇÃO DOS COMERCIANTES DE EQUIPAMENTOS CIENTÍFICOS DO DISTRITO DE LISBOA | ASSOCIAÇÃO DOS COMERCIANTES DE MATERIAIS DE CONSTRUÇÃO DE LISBOA | ASSOCIAÇÃO DOS COMERCIANTES DE OURIVESARIA E RELOJOARIA DO SUL | ASSOCIAÇÃO DOS COMERCIANTES DE VESTUÁRIO, CALÇADO E ARTIGOS DE PELE DO DISTRITO DE LISBOA | ASSOCIAÇÃO DOS COMERCIANTES DO CONCONCELHO DE MONTIJO E ALCOCHETE | ASSOCIAÇÃO DOS COMERCIANTES DOS CONCELHOS DE CORUCHE E SALVATERRA DE MAGOS | ASSOCIAÇÃO DOS COMERCIANTES E INDÚSTRIAIS DO CONCELHO DE SESIMBRA | ASSOCIAÇÃO DOS COMERCIANTES E TRANSFORMADORES DE RAMAS TEXTEIS | ASSOCIAÇÃO DOS COMERCIANTES RETALHISTAS DO CON. DA MARINHA GRANDE | ASSOCIAÇÃO DOS COMERCIANTES RETALHISTAS DOS CONCELHOS DE FARO E SAO BRÁS DE ALPORTEL | ASSOCIAÇÃO DOS COMERCIANTES RETALHISTAS DOS CONCELHOS DE TORRES NOVAS, ENTRONCAMENTO, ALCANENA E GOLEGÃ | ASSOCIAÇÃO DOS COMERCIANTES REVENDEDORES DE LOTARIA DO DISTRITO DE LISBOA | ASSOCIAÇÃO NACIONAL DE COMERCIANTES REVENDEDORES DE LOTARIA | ASSOCIAÇÃO NACIONAL DOS COMERCIANTES DE EQUIPAMENTOS CIENTÍFICOS, S.A.ÚDE E IMAGEM | ASSOCIAÇÃO PORTUGUESA DOS COMERCIANTES DE MATERIAIS DE CONSTRUÇÃO;
COMERCIANTESCARNES;8;6;ASSOCIAÇÃO DOS COMERCIANTES DE CARNES DO CONCELHO DE LISBOA E OUTROS | ASSOCIAÇÃO DOS COMERCIANTES DE CARNES DO DISTRITO DE BRAGA | ASSOCIAÇÃO DOS COMERCIANTES DE CARNES DO DISTRITO DE LEIRIA | ASSOCIAÇÃO DOS COMERCIANTES DE CARNES DO DISTRITO DE SANTARÉM | ASSOCIAÇÃO DOS COMERCIANTES DE CARNES DO NORTE DE PORTUGAL | ASSOCIAÇÃO DOS COMERCIANTES DE CARNES DO PORTO | ASSOCIAÇÃO DOS COMERCIANTES DE CARNES DO PORTO E OUTROS | FEDERAÇÃO NACIONAL DAS ASSOCIAÇÕES DOS COMERCIANTES DE CARNES;
COMERCIANTESCONCELHO;6;6;ASSOCIAÇÃO COMERCIANTES DO CONCELHO DO SEIXAL | ASSOCIAÇÃO DE COMERCIANTES DO CONCELHO DE LOURES | ASSOCIAÇÃO DE COMERCIANTES DO CONCELHO DE MAFRA | ASSOCIAÇÃO DOS COMERCIANTES DO CONCELHO DA MAIA | ASSOCIAÇÃO DOS COMERCIANTES DO CONCELHO DE CORUCHE | ASSOCIAÇÃO DOS COMERCIANTES DO CONCELHO DE LOULÉ;
COMERCIANTESDISTRITO;5;5;ASSOCIAÇÃO DE COMERCIANTES DO DISTRITO DE VISEU (TAMBÉM ASSOCIAÇÃO COMERCIAL DE VISEU) | ASSOCIAÇÃO DOS COMERCIANTES DO DISTRITO DE FARO | ASSOCIAÇÃO DOS COMERCIANTES DO DISTRITO DE SETÚBAL | UNIÃO DAS ASSOCIAÇÕES DE COMERCIANTES DO DISTRITO DE AVEIRO | UNIÃO DAS ASSOCIAÇÕES DE COMERCIANTES DO DISTRITO DE LISBOA;
COMERCIO;3;3;FEDERAÇÃO PORTUGUESA DOS SINDICATOS DOS TRABALHADORES DO COMÉRCIO | SINDICATO DOS TRABALHADORES DO COMÉRCIO | SINDICATO DOS TRABALHADORES DO COMÉRCIO;
COMERCIODISTRITO;2;2;SINDICATO DOS TRABALHADORES DO COMÉRCIO DO DISTRITO DE COIMBRA | SINDICATO DOS TRABALHADORES DO COMÉRCIO DO DISTRITO DE SETÚBAL;
COMERCIOESCRITORIO;4;3;SINDICATO DOS TRABALHADORES DO COMÉRCIO E ESCRITÓRIO DO DISTRITO DE CASTELO BRANCO | SINDICATO DOS TRABALHADORES DO COMÉRCIO E ESCRITÓRIO DO DISTRITO DE LEIRIA | SINDICATO DOS TRABALHADORES DO COMÉRCIO, ESCRITÓRIO E SERVIÇOS DO DISTRITO DE COIMBRA | SINDICATO DOS TRABALHADORES DO COMÉRCIO, ESCRITÓRIO E SERVIÇOS DO DISTRITO DE LEIRIA;
COMERCIOINDUSTRIA;3;3;ASSOCIAÇÃO DE COMÉRCIO, INDÚSTRIA E SERVIÇOS DE ELVAS | ASSOCIAÇÃO DO COMÉRCIO, INDÚSTRIA ESERVIÇOS DOS CONCELHOS DE VILA FRANCA DE XIRA E ARRUDA DOS VINHOS | ASSOCIAÇÃO DO COMÉRCIO, INDÚSTRIA, SERVIÇOS E TURISMO DO DISTRITO DE SETUBAL;
COMERCIOSERVICOS;10;9;ASSOCIAÇÃO DO COMÉRCIO E SERVIÇOS DO BARREIRO E MOITA | ASSOCIAÇÃO DO COMÉRCIO E SERVIÇOS DO DISTRITO DE SETÚBAL | ASSOCIAÇÃO DO COMERCIO,SERVIÇOS E TURISMO DO DISTRITO DE BEJA | UNIÃO DAS ASSOCIAÇÕES DE COMERCIO E SERVIÇOS | FEDERAÇÃO PORTUGUESA DOS SINDICATOS DO COMÉRCIO E SERVIÇOS | SINDICATO DOS PROFISSIONAIS DO COMÉRCIO E SERVIÇOS DO DISTRITO DE ÉVORA | SINDICATO DOS TRABALHADORES DO COMÉRCIO E SERVIÇOS DO DISTRITO DE BEJA | SINDICATO DOS TRABALHADORES DO COMÉRCIO E SERVIÇOS DO DISTRITO DE BRAGA | SINDICATO DOS TRABALHADORES DO COMÉRCIO E SERVIÇOS DO DISTRITO DE ÉVORA | SINDICATO DOS TRABALHADORES DO COMÉRCIO E SERVIÇOS DO DISTRITO DO PORTO;
CONSTRUCAOCIVIL;16;13;FEDERAÇAO NACIONAL DOS SINDICATOS DA CONSTRUÇÃO CIVIL | FEDERAÇÃO NACIONAL DOS SINDICATOS DOS TRABALHADORES DA CONSTRUÇÃO CIVIL E MADEIRAS | SINDICATO DOS TRABALHADORES DA CONSTRUÇÃO CIVIL DO DISTRITO DE BRAGA | SINDICATO DOS TRABALHADORES DA CONSTRUÇÃO CIVIL DO DISTRITO DE CASTELO BRANCO | SINDICATO DOS TRABALHADORES DA CONSTRUÇÃO CIVIL DO DISTRITO DE LISBOA | SINDICATO DOS TRABALHADORES DA CONSTRUÇÃO CIVIL E MADEIRAS DO DISTRITO DE BRAGA | SINDICATO DOS TRABALHADORES DA CONSTRUÇÃO CIVIL E OFÍCIOS CORRELATIVOS DO DISTRITO DE LEIRIA | SINDICATO DOS TRABALHADORES DA CONSTRUÇÃO CIVIL E OFÍCIOS CORRELATIVOS DO DISTRITO DE SETÚBAL | SINDICATO DOS TRABALHADORES DA CONSTRUÇÃO CIVIL, MADEIRAS E MÁRMORES DO DISTRITO DE FARO | SINDICATO DOS TRABALHADORES DA CONSTRUÇÃO CIVIL, MADEIRAS E MÁRMORES DO DISTRITO DE SETÚBAL | SINDICATO DOS TRABALHADORES DA CONSTRUÇÃO CIVIL, MADEIRAS, CERÂMICA, CIMENTOS E SIMILARES DO DISTRITO DE CASTELO BRANCO | SINDICATO DOS TRABALHADORES DA CONSTRUÇÃO CIVIL, MADEIRAS, MÁRMORES E AFINS DO DISTRITO DE COIMBRA | SINDICATO DOS TRABALHADORES DA CONSTRUÇÃO CIVIL, MADEIRAS, MÁRMORES E PEDREIRAS DO DISTRITO DE LEIRIA | SINDICATO DOS TRABALHADORES DA CONSTRUÇÃO CIVIL, MADEIRAS, MÁRMORES E PEDREIRAS DOS DISTRITOS DE VISEU E GUARDA | SINDICATO DOS TRABALHADORES DA CONSTRUÇÃO CIVIL, MADEIRAS, MÁRMORES, PEDREIRAS E CERÂMICA DOS DISTRITOS DE VISEU E GUARDA | SINDICATO DOS TRABALHADORES DA CONSTRUÇÃO CIVIL, MÁRMORES E PEDREIRAS DO DISTRITO DE AVEIRO;
CONSTRUCAOMADEIRAS;7;5;FEDERAÇÃO NACIONAL DOS SINDICATOS DA CONSTRUÇÃO, MADEIRAS E MÁRMORES | FEDERAÇAO NACIONAL DOS SINDICATOS DA CONSTRUÇÃO, MADEIRAS, MÁRMORES E MATERIAIS DE CONSTRUÇÃO | SINDICATO DOS TRABALHADORES DA CONSTRUÇÃO, MADEIRAS E MÁRMORES DO DISTRITO DE SANTARÉM | SINDICATO DOS TRABALHADORES DA CONSTRUÇÃO, MADEIRAS, MÁRMORES E CORTIÇAS DO SUL | SINDICATO DOS TRABALHADORES DA CONSTRUÇÃO, MADEIRAS, MÁRMORES, PEDREIRAS, CERÂMICA E AFINS, DA REGIÃO A NORTE DO RIO DOURO | SINDICATO DOS TRABALHADORES DA CONSTRUÇÃO, MADEIRAS, MÁRMORES, PEDREIRAS, CERÂMICA E MATERIAIS DE CONSTRUÇÃO DE PORTUGAL | SINDICATO DOS TRABALHADORES DA CONSTRUÇÃO, MADEIRAS, MÁRMORES, PEDREIRAS, CERÂMICA E MATERIAIS DE CONSTRUÇÃO DO NORTE E VISEU;
CONSTRUCAOREPARACAO;2;2;SINDICATO DOS TRABALHADORES DA CONSTRUÇÃO E REPARAÇÃO NAVAL DOS DISTRITO DE AVEIRO E COIMBRA | SINDICATO DOS TRABALHADORES DA CONSTRUÇÃO E REPARAÇÃO NAVAL DOS DISTRITO DO PORTO, BRAGA E VIANA DO CASTELO;
DEMOCRATICO;3;2;SINDICATO DEMOCRATICO DAS INDÚSTRIAS DE PANIFICAÇÃO, ALIMENTARES E AFINS | SINDICATO DEMOCRÁTICO DAS INDÚSTRIAS DE PANIFICAÇÃO, ALIMENTARES E AFINS DO SUL E ILHAS | SINDICATO DEMOCRATICO DOS TRABALHADORES DAS INDÚSTRIAS QUÍMICAS E AFINS DE PORTUGAL;
DESCARREGADORESMAR;2;2;SINDICATO DOS DESCARREGADORES DE MAR E TERRA DO DISTRITO DE SETÚBAL | SINDICATO DOS DESCARREGADORES DE MAR E TERRA DO DISTRITO DE SETÚBAL;
DISTRITOLEIRIA;2;2;UNIÃO DOS SINDICATOS DO DISTRITO DE LEIRIA | UNIÃO DOS SINDICATOS DO DISTRITO DE LEIRIA;
EMPRESAS;4;4;ASSOCIAÇÃO DE EMPRESAS DE CABELEIREIROS | ASSOCIAÇÃO PORTUGUESA DAS EMPRESAS CINEMATOGRÁFICAS | ASSOCIAÇÃO PORTUGUESA DAS EMPRESAS CONCESSIONÁRIAS DAS ZONAS DE JOGO | ASSOCIAÇÃO PORTUGUESA DAS EMPRESAS DE PREFABRICAÇÃO;
ESCRITORIOCOMERCIO;6;6;SINDICATO DOS PROFISSIONAIS DE ESCRITÓRIO E COMÉRCIO DA GUARDA | SINDICATO DOS TRABALHADORES DE ESCRITÓRIO E COMÉRCIO DO DISTRITO DE PORTALEGRE | SINDICATO DOS TRABALHADORES DE ESCRITÓRIO E COMÉRCIO DO DISTRITO DE VIANA DO CASTELO | SINDICATO DOS TRABALHADORES DE ESCRITÓRIO E COMÉRCIO DO DISTRITO DE VISEU | SINDICATO DOS TRABALHADORES DE ESCRITORIO E COMÉRCIO DOS DISTRITOS DE VILA REAL E BRAGANÇA | SINDICATO DOS TRABALHADORES DE ESCRITÓRIO E DO COMÉRCIO DO DISTRITO DE AVEIRO;
ESCRITORIODISTRITO;5;5;SINDICATO DOS TRABALHADORES DE ESCRITÓRIO DO DISTRITO DE BRAGA | SINDICATO DOS TRABALHADORES DE ESCRITÓRIO DO DISTRITO DE COIMBRA | SINDICATO DOS TRABALHADORES DE ESCRITÓRIO DO DISTRITO DE LISBOA | SINDICATO DOS TRABALHADORES DE ESCRITÓRIO DO DISTRITO DE SETÚBAL | SINDICATO DOS TRABALHADORES DE ESCRITÓRIO DO DISTRITO DO PORTO;
ESPECTACULOS;2;2;UNIÃO DAS ASSOCIAÇÕES DE ESPECTÁCULOS E DIVERSÕES | SINDICATO DOS TRABALHADORES DE ESPECTÁCULOS;
ESTABELECIMENTOS;2;2;ASSOCIAÇÃO NACIONAL DOS ESTABELECIMENTOS PRIVADOS DE SAÚDE | SINDICATO DOS TRABALHADORES DOS ESTABELECIMENTOS FABRIS DAS FORÇAS ARMADAS;
ESTIVADORES;4;4;SINDICATO DOS ESTIVADORES E BARQUEIROS DO DISTRITO DE SETÚBAL | SINDICATO DOS ESTIVADORES S CONFERENTES MARÍTIMOS E FLUVIAIS DO DISTRITO DO PORTO | SINDICATO DOS ESTIVADORES, LINGADORES E CONFERENTES DO PORTO DE VIANA DO CASTELO | SINDICATO NACIONAL DOS ESTIVADORES, CARREGADORES E DESCARREGADORES DE TERRA E MAR DO DISTRITO DE FARO;
ESTIVADORESPORTO;4;3;SINDICATO DOS ESTIVADORES DO PORTO DE LISBOA CENTRO E SUL DE PORTUGAL | SINDICATO DOS ESTIVADORES DO PORTO DE LISBOA E CENTRO DE PORTUGAL | SINDICATO DOS ESTIVADORES DO PORTO DE VIANA DO CASTELO | SINDICATO DOS ESTIVADORES E TRABALHADORES DO PORTO DE AVEIRO;
FENAME;2;2;FEDERAÇÃO NACIONAL DO METAL | FEDERAÇÃO NACIONAL DOS MÉDICOS;
FENSIQ;2;2;CONFEDERAÇÃO NACIONAL DE SINDICATOS DE QUADROS | FEDERAÇAO NACIONAL DE SINDICATOS DE QUADROS;
FENTCOP;2;2;FEDERAÇAO NACIONAL DOS TRANSPORTES, COMUNICAÇÕES E OBRAS PÚBLICAS | SINDICATO NACIONAL DOS TRANSPORTES, COMUNICAÇÕES E OBRAS PÚBLICAS;
FESAHT;3;2;FEDERAÇAO DOS SINDICATOS DA AGRICULTURA, ALIMENTAÇÃO, BEBIDAS, HOTELARIA E TURISMO DE PORTUGAL | FEDERAÇÃO DOS SINDICATOS DA ALIMENTAÇÃO, BEBIDAS, HOTELARIA E TURISMO DE PORTUGAL | FEDERAÇAO DOS SINDICATOS DE AGRICULTURA, ALIMENTAÇAO, BEBIDAS, HOTELARIA E TURISMO DE PORTUGAL;
FNE;2;2;FEDERAÇÃO NACIONAL DA EDUCAÇÃO | FEDERAÇAO NACIONAL DOS SINDICATOS DA EDUCAÇÃO;
FUNCIONARIOS;2;2;SINDICATO DOS FUNCIONÁRIOS PARLAMENTARES | SINDICATO NACIONAL DOS FUNCIONÁRIOS DAS COMISSÕES DE CONCILIAÇÃO E JULGAMENTO;
HOTELARIATURISMO;2;2;SINDICATO DOS TRABALHADORES NA HOTELARIA, TURISMO, RESTAURANTES E SIMILARES DO SUL | SINDICATO DOS TRABALHADORES NA HOTELARIA, TURISMO,RESTAURANTES E SIMILARES DO DISTRITO DE VISEU;
INDUSTRIABEBIDAS;2;2;SINDICATO DOS TRABALHADORES DA INDÚSTRIA DE BEBIDAS DA REGIÃO NORTE E CENTRO | SINDICATO NACIONAL DOS TRABALHADORES DA INDÚSTRIA DE BEBIDAS;
INDUSTRIACERAMICA;3;3;FEDERAÇAO DOS SINDICATOS DAS INDÚSTRIA DE CERÂMICA, CIMENTO E VIDRO DE PORTUGAL | SINDICATO DOS TRABALHADORES DA INDÚSTRIA DE CERÂMICA, CIMENTOS, CONSTRUÇÃO E SIMILARES DO DISTRITO DE LEIRIA | SINDICATO DOS TRABALHADORES DAS INDÚSTRIA DE CERÂMICA, CIMENTOS E SIMILARES DO DISTRITO DE SETÚBAL;
INDUSTRIACOMERCIO;6;4;SINDICATO DOS TRABALHADORES DA INDÚSTRIA E COMÉRCIO DE BEBIDAS DA REGIÃO NORTE E CENTRO | SINDICATO DOS TRABALHADORES DA INDÚSTRIA E COMÉRCIO DE CARNES DO SUL | SINDICATO DOS TRABALHADORES DA INDÚSTRIA E COMÉRCIO DE PANIFICAÇÃO DO DISTRITO DE BRAGA | SINDICATO NACIONAL DOS PROFISSIONAIS DA INDÚSTRIA E COMÉRCIO DO CALÇADO, MALAS E AFINS | SINDICATO NACIONAL DOS TRABALHADORES DA INDÚSTRIA E COMÉRCIO DE ALIMENTAÇÃO BEBIDAS E AFINS | SINDICATO NACIONAL DOS TRABALHADORES DA INDÚSTRIA E COMÉRCIO DE BEBIDAS;
INDUSTRIACONSERVAS;5;4;SINDICATO DOS TRABALHADORES DA INDÚSTRIA DE CONSERVAS DE PEIXE, SECA DO BACALHAU E OFÍCIOS CORRELATIVOS DO DISTRITO DE FARO | SINDICATO DOS TRABALHADORES DA INDÚSTRIA DE CONSERVAS DO NORTE DO PAÍS | SINDICATO DOS TRABALHADORES DA INDÚSTRIA DE CONSERVAS E OFÍCIOS CORRELATIVOS DO CENTRO | SINDICATO DOS TRABALHADORES DA INDÚSTRIA DE CONSERVAS E OFÍCIOS CORRELATIVOS DO DISTRITO DE FARO | SINDICATO DOS TRABALHADORES DA INDÚSTRIA DE CONSERVAS E OFÍCIOS CORRELATIVOS DO DISTRITO DE SETÚBAL;
INDUSTRIACORTICEIRA;3;3;SINDICATO DOS TRABALHADORES DA INDÚSTRIA CORTICEIRA DO DISTRITO DE LISBOA | SINDICATO DOS TRABALHADORES DA INDÚSTRIA CORTICEIRA DO DISTRITO DE SETÚBAL | SINDICATO DOS TRABALHADORES DA INDÚSTRIA CORTICEIRA DO SUL;
INDUSTRIAFOSFOROS;3;2;SINDICATO DA INDÚSTRIA DE FÓSFOROS DE PORTUGAL | SINDICATO DA INDÚSTRIA DE FÓSFOROS DE PORTUGAL - DISTRITOS DO PORTO E AVEIRO | SINDICATO DOS TRABALHADORES DA INDÚSTRIA DE FÓSFOROS DO DISTRITO DE LISBOA;
INDUSTRIAHOTELARIA;7;5;FEDERAÇÃO DOS SINDICATOS DA INDÚSTRIA DE HOTELARIA E TURISMO DE PORTUGAL | FEDERAÇÃO DOS SINDICATOS DA INDÚSTRIA DE HOTELARIA, RESTAURANTES E SIMILARES DO SUL | FEDERAÇÃO NACIONAL DOS SINDICATOS DA INDÚSTRIA DE HOTELARIA E TURISMO | SINDICATO DOS TRABALHADORES DA INDÚSTRIA DE HOTELARIA, TURISMO, RESTAURANTES E SIMILARES DO ALGARVE | SINDICATO DOS TRABALHADORES DA INDÚSTRIA DE HOTELARIA, TURISMO, RESTAURANTES E SIMILARES DO CENTRO | SINDICATO DOS TRABALHADORES DA INDÚSTRIA DE HOTELARIA, TURISMO, RESTAURANTES E SIMILARES DO NORTE | SINDICATO DOS TRABALHADORES NA INDÚSTRIA DE HOTELARIA, TURISMO, RESTAURANTES E SIMILARES DO SUL;
INDUSTRIAHOTELEIRA;9;8;UNIÃO DAS ASSOCIAÇÕES DA INDÚSTRIA HOTELEIRA E SIMILARES DO CENTRO SUL DE PORTUGAL | UNIÃO DAS ASSOCIAÇÕES DA INDÚSTRIA HOTELEIRA E SIMILARES DO NORTE | UNIÃO DAS ASSOCIAÇÕES DA INDÚSTRIA HOTELEIRA E SIMILARES DO NORTE DE PORTUGAL | FEDERAÇAO DOS SINDICATOS DOS TRABALHADORES DA INDÚSTRIA HOTELEIRA DO NORTE | SINDICATO DOS TRABALHADORES DA INDÚSTRIA HOTELEIRA E SIMILARES DO DISTRITO DE BRAGA | SINDICATO DOS TRABALHADORES DA INDÚSTRIA HOTELEIRA E SIMILARES DOS DISTRITO DO PORTO, VILA REAL E BRAGANÇA | SINDICATO DOS TRABALHADORES NA INDÚSTRIA HOTELEIRA E SIMILARES DO DISTRITO DE AVEIRO | SINDICATO DOS TRABALHADORES NA INDÚSTRIA HOTELEIRA E SIMILARES DO DISTRITO DE FARO | SINDICATO DOS TRABALHADORES NA INDÚSTRIA HOTELEIRA E SIMILARES DOS DISTRITO DE COIMBRA, LEIRIA, GUARDA E CASTELO BRANCO;
INDUSTRIAIS;18;16;ASSOCIAÇÃO DOS INDÚSTRIAIS DE AUTOMOVEIS | ASSOCIAÇÃO DOS INDÚSTRIAIS DE CARTONAGENS E CORRELATIVOS DO NORTE | ASSOCIAÇÃO DOS INDÚSTRIAIS DE CHAPELARIA | ASSOCIAÇÃO DOS INDÚSTRIAIS DE HOSPEDAGEM DO CENTRO E SUL DE PORTUGAL | ASSOCIAÇÃO DOS INDÚSTRIAIS DE LACTICÍNIOS | ASSOCIAÇÃO DOS INDÚSTRIAIS DE MARGARINAS E ÓLEOS VEGETAIS | ASSOCIAÇÃO DOS INDÚSTRIAIS DE OURIVESARIA DO SUL | ASSOCIAÇÃO DOS INDÚSTRIAIS DE OURIVESARIA E RELOJOARIA DO NORTE | ASSOCIAÇÃO DOS INDÚSTRIAIS DE PANIFICAÇÃO DE LISBOA | ASSOCIAÇÃO DOS INDÚSTRIAIS HOTELEIROS E SIMILARES DO ALGARVE | ASSOCIAÇÃO DOS INDÚSTRIAIS METALÚRGICOS E METALOMECÂNICOS DO NORTE | ASSOCIAÇÃO DOS INDÚSTRIAIS TRANSFORMADORES DE VIDRO PLANO DE PORTUGAL | ASSOCIAÇÃO DOS INDÚSTRIAIS TRANSFORMADORES DE VIDRO PLANO DO NORTE DE PORTUGAL | ASSOCIAÇÃO NACIONAL DOS INDÚSTRIAIS DE BICICLETAS, CICLOMOTORES, MOTOCICLOS E ACESSÓRIOS | ASSOCIAÇÃO NACIONAL DOS INDÚSTRIAIS DE CUTELARIAS | ASSOCIAÇÃO NACIONAL DOS INDÚSTRIAIS DE LACTICÍNIOS | ASSOCIAÇÃO NACIONAL DOS INDÚSTRIAIS TRANSFORMADORES DE VIDRO | FEDERAÇAO DOS SINDICATOS DAS INDÚSTRIAIS DE PANIFICAÇÃO, PRODUTOS ALIMENTARES E AFINS;
INDUSTRIAISCONSERVAS;3;2;ASSOCIAÇÃO DOS INDÚSTRIAIS DE CONSERVAS DE PEIXE DO NORTE | ASSOCIAÇÃO DOS INDÚSTRIAIS DE CONSERVAS DE PEIXE DO SUL DE PORTUGAL | ASSOCIAÇÃO NACIONAL DOS INDÚSTRIAIS DE CONSERVAS DE PEIXE;
INDUSTRIAISMOAGEM;3;2;ASSOCIAÇÃO NACIONAL DOS INDÚSTRIAIS DE MOAGEM DE RAMAS E ESPOADAS DE MILHO E CENTEIO | ASSOCIAÇÃO NACIONAL DOS INDÚSTRIAIS DE MOAGEM DE TRIGO, MILHO E CENTEIO | FEDERAÇÃO PORTUGUESA DOS INDÚSTRIAIS DE MOAGEM;
INDUSTRIAISTANOARIA;2;2;ASSOCIAÇÃO DOS INDÚSTRIAIS DE TANOARIA DO NORTE | ASSOCIAÇÃO DOS INDÚSTRIAIS DE TANOARIA DO SUL;
INDUSTRIAMADEIRAS;2;2;SINDICATO DOS TRABALHADORES DAS INDÚSTRIA DE MADEIRAS DO DISTRITO DE SANTARÉM | SINDICATO DOS TRABALHADORES DAS INDÚSTRIA DE MADEIRAS DOS DISTRITOS DO PORTO E AVEIRO;
INDUSTRIAMETALURGICA;5;3;SINDICATO DOS TRABALHADORES DA INDÚSTRIA METALÚRGICA DO DISTRITO DE COIMBRA | SINDICATO DOS TRABALHADORES DA INDÚSTRIA METALÚRGICA E METALOMECÂNICA | SINDICATO DOS TRABALHADORES DA INDÚSTRIA METALÚRGICA E METALOMECÂNICA DO DISTRITO DE LISBOA | SINDICATO DOS TRABALHADORES DA INDÚSTRIA METALÚRGICA E METALOMECÂNICA DOS DISTRITOS DE LISBOA, LEIRIA, SANTARÉM E CASTELO BRANCO | SINDICATO DOS TRABALHADORES DA INDÚSTRIA METALÚRGICA E METALOMECÂNICA DOS DISTRITOS DE LISBOA, SANTARÉM E CASTELO BRANCO;
INDUSTRIAMINEIRA;2;2;SINDICATO DOS TRABALHADORES DA INDÚSTRIA MINEIRA | SINDICATO DOS TRABALHADORES DA INDÚSTRIA MINEIRA DO NORTE;
INDUSTRIAPANIFICACAO;6;6;SINDICATO DOS TRABALHADORES DA INDÚSTRIA DE PANIFICAÇÃO DO DISTRITO DA GUARDA | SINDICATO DOS TRABALHADORES DA INDÚSTRIA DE PANIFICAÇÃO DO DISTRITO DE CASTELO BRANCO | SINDICATO DOS TRABALHADORES DA INDÚSTRIA DE PANIFICAÇÃO DO DISTRITO DE SETÚBAL | SINDICATO DOS TRABALHADORES DA INDÚSTRIA DE PANIFICAÇÃO DOS DISTRITO DE VILA REAL E BRAGANÇA | SINDICATO DOS TRABALHADORES DA INDÚSTRIA DE PANIFICAÇÃO E OUTROS RAMOS ALIMENTARES | SINDICATO DOS TRABALHADORES DA INDÚSTRIA DE PANIFICAÇÃO E PRODUTOS ALIMENTARES AFINS DO DISTRITO DE SANTARÉM;
INDUSTRIAS;23;19;FEDERAÇÃO DOS SINDICATOS DAS INDÚSTRIAS DE ALIMENTAÇÃO, BEBIDAS E TABACOS | FEDERAÇÃO DOS SINDICATOS DAS INDÚSTRIAS DE ALIMENTAÇÃO, BEBIDAS E TABACOS / CGTP | SINDICATO DAS INDÚSTRIAS DE OURIVESARIA, RELOJOARIA E CORRELATIVOS DO SUL | SINDICATO DOS TRABALHADORES DAS INDÚSTRIAS ALIMENTARES DE CONSERVAS DO NORTE | SINDICATO DOS TRABALHADORES DAS INDÚSTRIAS ALIMENTARES DE HIDRATOS DE CARBONO DO NORTE | SINDICATO DOS TRABALHADORES DAS INDÚSTRIAS ALIMENTARES DE HIDRATOS DE CARBONO DO SUL | SINDICATO DOS TRABALHADORES DAS INDÚSTRIAS ALIMENTARES DE HIDRATOS DE CARBONO DO SUL E ILHAS | SINDICATO DOS TRABALHADORES DAS INDÚSTRIAS DE ALIMENTAÇÃO DO DISTRITO DE VISEU | SINDICATO DOS TRABALHADORES DAS INDÚSTRIAS DE ALIMENTAÇÃO DO SUL E TABACOS | SINDICATO DOS TRABALHADORES DAS INDÚSTRIAS DE PANIFICAÇÃO E PRODUTOS ALIMENTARES AFINS DO ALENTEJO E ALGARVE | SINDICATO DOS TRABALHADORES DAS INDÚSTRIAS DE PANIFICAÇÃO E PRODUTOS ALIMENTARES AFINS DO DISTRITO DE LEIRIA | SINDICATO DOS TRABALHADORES DAS INDÚSTRIAS DE PANIFICAÇÃO E PRODUTOS ALIMENTARES AFINS DO DISTRITOS DE LISBOA | SINDICATO DOS TRABALHADORES DAS INDÚSTRIAS METALÚRGICA E METALOMECÂNICA DO DISTRITO DE VIANA DO CASTELO | SINDICATO DOS TRABALHADORES DAS INDÚSTRIAS METALÚRGICA E METALOMECÂNICA DO NORTE | SINDICATO DOS TRABALHADORES DAS INDÚSTRIAS METALÚRGICAS E METALOMECÂNICAS DO DISTRITO DE AVEIRO | SINDICATO DOS TRABALHADORES DAS INDÚSTRIAS METALÚRGICAS E METALOMECÂNICAS DO DISTRITO DE BRAGA | SINDICATO DOS TRABALHADORES DAS INDÚSTRIAS METALÚRGICAS E METALOMECÂNICAS DO DISTRITO DE COIMBRA | SINDICATO DOS TRABALHADORES DAS INDÚSTRIAS METALÚRGICAS E METALOMECÂNICAS DO DISTRITO DE LEIRIA | SINDICATO DOS TRABALHADORES DAS INDÚSTRIAS METALÚRGICAS E METALOMECÂNICAS DO DISTTRITO DE VISEU | SINDICATO DOS TRABALHADORES DAS INDÚSTRIAS METALÚRGICAS E METALOMECANICAS DO DISTTRITOS DE SANTAREM | SINDICATO DOS TRABALHADORES DAS INDÚSTRIAS METALÚRGICAS E METALOMECÂNICAS DO SUL | SINDICATO DOS TRABALHADORES DAS INDÚSTRIAS METALÚRGICAS E METALOMECÂNICAS DOS DISTRITOS DE AVEIRO E VISEU | SINDICATO DOS TRABALHADORES DAS INDÚSTRIAS METALÚRGICAS E METALOMECÂNICAS DOS DISTRITOS DE COIMBRA E LEIRIA;
INDUSTRIASCALCADO;4;2;SINDICATO DA INDÚSTRIAS DE CALÇADO, MANUAL OU MECÂNICO, CORREEIROS, ALBARDEIROS, TAMANQUEIROS, PAUSEIROS E AFINS DOS DISTRITOS DE VISEU, VILA REAL, GUARDA E CASTELO BRANCO | SINDICATO DOS TRABALHADORES DAS INDÚSTRIAS DE CALÇADO, ARTIGOS DE PELE, MALAS, CORREARIA E SIMILARES DO CENTRO E SUL DE PORTUGAL | SINDICATO DOS TRABALHADORES DAS INDÚSTRIAS DE CALÇADO, ARTIGOS DE PELE, MALAS, CORREARIA E SIMILARES DO CENTRO, SUL E ILHAS | SINDICATO DOS TRABALHADORES DAS INDÚSTRIAS DE CALÇADO, MALAS, LUVAS , COMPONENTES E SIMILARES DO CENTRO, SUL E ILHAS;
INDUSTRIASCELULOSE;6;5;FEDERAÇÃO DE SINDICATO DOS TRABALHADORES DAS INDÚSTRIAS DE CELULOSE, PAPEL, CARTONAGEM E AFINS | FEDERAÇAO DOS SINDICATOS DOS TRABALHADORES DAS INDÚSTRIAS DE CELULOSE, PAPEL, GRÁFICA E CARTONAGEM | SINDICATO DOS TRABALHADORES DAS INDÚSTRIAS DE CELULOSE, FABRICAÇÃO E TRANSFORMAÇÃO DE PAPEL, GRÁFICA E IMPRENSA DO CENTRO | SINDICATO DOS TRABALHADORES DAS INDÚSTRIAS DE CELULOSE, FABRICAÇÃO E TRANSFORMAÇÃO DE PAPEL, GRÁFICA E IMPRENSA DO SUL E ILHAS | SINDICATO DOS TRABALHADORES DAS INDÚSTRIAS DE CELULOSE, FABRICAÇÃO E TRANSFORMAÇÃO DO PAPEL, GRÁFICA E IMPRENSA DO NORTE | SINDICATO DOS TRABALHADORES DAS INDÚSTRIAS DE CELULOSE, PAPEL, GRÁFICA E IMPRENSA;
INDUSTRIASCERAMICA;13;9;FEDERAÇÃO DOS SINDICATOS DOS TRABALHADORES DAS INDÚSTRIAS DE CERÂMICA, CIMENTOS E SIMILARES | FEDERAÇÃO NACIONAL DOS SINDICATOS DAS INDÚSTRIAS DE CERÂMICA, CIMENTO E VIDRO | SINDICATO DOS TRABALHADORES DAS INDÚSTRIAS DE CERÂMICA, CIMENTOS E SIMILARES DA REGIÃO CENTRO | SINDICATO DOS TRABALHADORES DAS INDÚSTRIAS DE CERÂMICA, CIMENTOS E SIMILARES DA REGIÃO NORTE | SINDICATO DOS TRABALHADORES DAS INDÚSTRIAS DE CERÂMICA, CIMENTOS E SIMILARES DO DISTRITO DE COIMBRA | SINDICATO DOS TRABALHADORES DAS INDÚSTRIAS DE CERÂMICA, CIMENTOS E SIMILARES DO DISTRITO DE LEIRIA | SINDICATO DOS TRABALHADORES DAS INDÚSTRIAS DE CERÂMICA, CIMENTOS E SIMILARES DO DISTRITO DO PORTO | SINDICATO DOS TRABALHADORES DAS INDÚSTRIAS DE CERÂMICA, CIMENTOS E SIMILARES DO SUL E REGIÕES AUTÓNOMAS | SINDICATO DOS TRABALHADORES DAS INDÚSTRIAS DE CERÂMICA, CIMENTOS E SIMILARES DOS DISTRITOS DE AVEIRO, VISEU E GUARDA | SINDICATO DOS TRABALHADORES DAS INDÚSTRIAS DE CERÂMICA, CIMENTOS E SIMILARES DOS DISTRITOS DE LISBOA, SANTARÉM E PORTALEGRE | SINDICATO DOS TRABALHADORES DAS INDÚSTRIAS DE CERÂMICA, CIMENTOS E SIMILARES, CONSTRUÇAO, MADEIRAS, MARMORES E CORTIÇAS DO SUL E REGIOES AUTONOMAS | SINDICATO DOS TRABALHADORES DAS INDÚSTRIAS DE CERÂMICA, CIMENTOS, CONSTRUÇÃO, MADEIRAS, MÁRMORES E SIMILARES DA REGIÃO CENTRO | SINDICATO NACIONAL DOS TRABALHADORES DAS INDÚSTRIAS DE CERÂMICA, CIMENTOS, CONSTRUÇÃO E SIMILARES;
INDUSTRIASCONSTRUCAO;4;3;SINDICATO DOS TRABALHADORES DAS INDÚSTRIAS DA CONSTRUÇÃO CIVIL, MÁRMORES E MADEIRAS DO ALENTEJO | SINDICATO DOS TRABALHADORES DAS INDÚSTRIAS DE CONSTRUÇÃO CIVIL, MADEIRAS, MÁRMORES E PEDREIRAS DO DISTRITO DO PORTO | SINDICATO DOS TRABALHADORES DAS INDÚSTRIAS DE CONSTRUÇÃO, MADEIRAS, MÁRMORES E PEDREIRAS DOS DISTRITOS DO PORTO E AVEIRO | SINDICATO DOS TRABALHADORES NAS INDÚSTRIAS DA CONSTRUÇÃO CIVIL DOS DISTRITO DE VISEU E GUARDA;
INDUSTRIASELECTRICAS;2;2;FEDERAÇÃO DOS SINDICATOS DOS TRABALHADORES DAS INDÚSTRIAS ELÉCTRICAS | SINDICATO DOS TRABALHADORES DAS INDÚSTRIAS ELÉCTRICAS DO NORTE;
INDUSTRIASMADEIRA;3;3;ASSOCIAÇÃO NACIONAL DAS INDÚSTRIAS DE MADEIRA | FEDERAÇAO DOS SINDICATOS DAS INDÚSTRIAS DE MADEIRA | SINDICATO DOS TRABALHADORES DAS INDÚSTRIAS DE MADEIRA DO DISTRITO DE AVEIRO;
INDUSTRIASQUIMICAS;4;2;FEDERAÇÃO DOS SINDICATOS DOS TRABALHADORES DAS INDÚSTRIAS QUÍMICAS | FEDERAÇÃO DOS SINDICATOS DOS TRABALHADORES DAS INDÚSTRIAS QUÍMICAS E FARMACÊUTICA DE PORTUGAL | SINDICATO DOS TRABALHADORES DAS INDÚSTRIAS QUIMICAS DO CENTRO E ILHAS | SINDICATO DOS TRABALHADORES DAS INDÚSTRIAS QUIMICAS DO CENTRO SUL E ILHAS ADJACENTES E DAS MOAGENS DO CENTRO E SUL;
INDUSTRIAVIDREIRA;2;2;ASSOCIAÇÃO DA INDÚSTRIA VIDREIRA | SINDICATO DOS TRABALHADORES DA INDÚSTRIA VIDREIRA;
JUDICIAISDISTRITO;2;2;SINDICATO DOS TRABALHADORES JUDICIAIS DO DISTRITO JUDICIAL DE LISBOA | SINDICATO DOS TRABALHADORES JUDICIAIS DO DISTRITO JUDICIAL DO PORTO;
LIVRECOMERCIANTES;2;2;ASSOCIAÇÃO LIVRE DOS COMERCIANTES DO CONCELHO DE SALVATERRA DE MAGOS | ASSOCIAÇÃO LIVRE DOS COMERCIANTES DO CONCELHO DE SINTRA;
LIVREINDUSTRIAIS;2;2;ASSOCIAÇÃO LIVRE DOS INDÚSTRIAIS DE GESSOS E CALES | ASSOCIAÇÃO LIVRE DOS INDÚSTRIAIS DE MOAGEM DO NORTE E CENTRO;
LIVREINDUSTRIAS;2;2;SINDICATO LIVRE DOS TRABALHADORES DAS INDÚSTRIAS DE CERÂMICA, CIMENTOS E SIMILARES DO DISTRITO DE VIANA DO CASTELO | SINDICATO LIVRE DOS TRABALHADORES DAS INDÚSTRIAS DE CONSTRUÇÃO CIVIL, PEDREIRAS, SERRAÇÃO DE MADEIRAS E CARPINTARIA MECÂNICA DO ALENTEJO;
LIVREPESCADORES;6;5;SINDICATO LIVRE DOS PESCADORES | SINDICATO LIVRE DOS PESCADORES (SECÇÃO DE VIANA DO CASTELO) | SINDICATO LIVRE DOS PESCADORES - SECÇÃO DE VILA PRAIA DE ÂNCORA | SINDICATO LIVRE DOS PESCADORES - SECÇÃO REGIONAL DE VILA DO CONDE | SINDICATO LIVRE DOS PESCADORES DO DISTRITO DO PORTO | SINDICATO LIVRE DOS PESCADORES E PROFISSÕES AFINS;
LIVRERODOVIARIOS;2;2;SINDICATO LIVRE DOS PROFISSIONAIS RODOVIÁRIOS E EMPREGADOS DE GARAGENS DO DISTRITO DO PORTO | SINDICATO LIVRE DOS TRABALHADORES RODOVIÁRIOS E DE GARAGENS DO DISTRITO DE BRAGA;
MAQUINISTASPRATICOS;3;3;SINDICATO DOS MAQUINISTAS PRÁTICOS, AJUDANTES E ARTÍFICES DA MARINHA MERCANTE | SINDICATO DOS MAQUINISTAS PRÁTICOS, AJUDANTES E ARTÍFICES DA MARINHA MERCANTE DE PORTUGAL | SINDICATO DOS MAQUINISTAS PRÁTICOS, AJUDANTES E ARTÍFICES DA MARINHA MERCANTE DO DISTISTRITO DE FARO;
MEDIADORESMERCADO;2;2;ASSOCIAÇÃO PORTUGUESA DE MEDIADORES DE MERCADO DE CAPITAIS | ASSOCIAÇÃO PORTUGUESA DE MEDIADORES DO MERCADO DE CAPITAIS;
METALURGICOSDISTRITO;6;6;SINDICATO DOS METALURGICOS DO DISTRITO DE CASTELO BRANCO | SINDICATO DOS METALÚRGICOS DO DISTRITO DE LEIRIA | SINDICATO DOS METALÚRGICOS DO DISTRITO DE PORTALEGRE | SINDICATO DOS METALÚRGICOS DO DISTRITO DE SANTARÉM | SINDICATO DOS METALÚRGICOS DO DISTRITO DE SETÚBAL | SINDICATO DOS METALÚRGICOS DO DISTRITO DE VIANA DO CASTELO;
OPERADORESPORTUARIOS;2;2;ASSOCIAÇÃO DOS OPERADORES PORTUÁRIOS DO PORTO DE VIANA DO CASTELO | ASSOCIAÇÃO DOS OPERADORES PORTUÁRIOS DOS PORTOS DO DOURO E LEIXÕES;
OPERARIOS;3;3;SINDICATO DOS OPERÁRIOS CARPINTEIROS, SERRAÇÕES DE MADEIRAS E OFÍCIOS CORRELATIVOS DO DISTRITO DO PORTO | SINDICATO NACIONAL DOS OPERÁRIOS CONFEITEIROS E OFÍCIOS CORRELATIVOS DO DISTRITO DO PORTO | SINDICATO NACIONAL DOS OPERÁRIOS METALÚRGICOS DO DISTRITO DE BRAGANÇA;
OPERARIOSCONSTRUCAO;8;8;FEDERAÇAO DOS SINDICATOS DOS OPERÁRIOS DA CONSTRUÇÃO CIVIL DO NORTE | SINDICATO DOS OPERÁRIOS DA CONSTRUÇÃO CIVIL DO DISTRITO DE BRAGANÇA | SINDICATO DOS OPERÁRIOS DA CONSTRUÇÃO CIVIL E OFÍCIOS CORRELATIVOS DE CHAVES | SINDICATO DOS OPERÁRIOS DA CONSTRUÇÃO CIVIL E OFÍCIOS CORRELATIVOS DO DISTRITO DE COIMBRA | SINDICATO DOS OPERÁRIOS DA CONSTRUÇÃO CIVIL E OFÍCIOS CORRELATIVOS DO DISTRITO DE VILA REAL | SINDICATO DOS OPERÁRIOS DA CONSTRUÇÃO CIVIL, MARCENARIA E CANTARIA DO DISTRITO DE SANTARÉM | SINDICATO DOS OPERÁRIOS DA CONSTRUÇÃO CIVIL, MARMORISTAS E MONTANTES DO DISTRITO DE AVEIRO | SINDICATO DOS OPERÁRIOS DA CONSTRUÇÃO CIVIL, MARMORISTAS E MONTANTES DO DISTRITO DE VIANA DO CASTELO;
OPERARIOSCORTICEIROS;3;3;SINDICATO DOS OPERÁRIOS CORTICEIROS DO DISTRITO DE FARO | SINDICATO DOS OPERÁRIOS CORTICEIROS DO DISTRITO DE PORTALEGRE | SINDICATO DOS OPERÁRIOS CORTICEIROS DO NORTE;
OPERARIOSINDUSTRIA;5;5;SINDICATO DOS OPERÁRIOS DA INDÚSTRIA DE CALÇADO, MALAS E AFINS DOS DISTRITOS DE AVEIRO E COIMBRA | SINDICATO DOS OPERÁRIOS DA INDÚSTRIA DE CURTUMES DO DISTRITO DE BRAGA | SINDICATO DOS OPERÁRIOS DA INDÚSTRIA DE CURTUMES DO DISTRITO DO PORTO | SINDICATO DOS OPERÁRIOS DAS INDÚSTRIA DE MADEIRAS DOS DISTRITOS DO PORTO E AVEIRO | SINDICATO NACIONAL DOS OPERÁRIOS DA INDÚSTRIA DE CURTUMES E OFÍCIOS CORRELATIVOS DO DISTRITO DE SANTARÉM;
OPERARIOSINDUSTRIAIS;4;4;SINDICATO DOS OPERÁRIOS DA INDÚSTRIAIS DE CURTUMES | SINDICATO DOS OPERÁRIOS DA INDÚSTRIAIS DE MÁRMORES, CANTARIAS E OFÍCIOS CORRELATIVOS DO DISTRITO DE LISBOA | SINDICATO DOS OPERÁRIOS DAS INDÚSTRIAIS DE MADEIRA DO DISTRITO DE LEIRIA | SINDICATO DOS OPERÁRIOS DAS INDÚSTRIAIS DE MADEIRAS DO DISTRITO DE VIANA DO CASTELO;
PANIFICACAOOUTROS;2;2;SINDICATO DOS TRABALHADORES DA PANIFICAÇÃO E OUTROS PRODUTOS ALIMENTARES DO DISTRITO DE VIANA DO CASTELO | SINDICATO DOS TRABALHADORES DA PANIFICAÇÃO E OUTROS PRODUTOS ALIMENTARES DO DISTRITO DE VISEU;
PESCADORESDISTRITO;5;5;SINDICATO DOS PESCADORES DO DISTRITO DE AVEIRO | SINDICATO DOS PESCADORES DO DISTRITO DE COIMBRA | SINDICATO DOS PESCADORES DO DISTRITO DE FARO | SINDICATO DOS PESCADORES DO DISTRITO DE LEIRIA | SINDICATO DOS PESCADORES DO DISTRITO DE SETUBAL;
PRODUTORESFILMES;2;2;ASSOCIAÇÃO DE PRODUTORES DE FILMES | ASSOCIAÇÃO DOS PRODUTORES DE FILMES PUBLICITÁRIOS;
PSICOLOGOS;3;2;SINDICATO NACIONAL DOS PSICÓLOGOS | SINDICATO PORTUGUES DOS PSICOLOGOS | SINDICATO PORTUGUES DOS PSICOLOGOS;
QUADROSTECNICOS;5;5;CONFEDERAÇÃO PORTUGUESA DE QUADROS TÉCNICOS E CIENTÍFICOS | SINDICATO DE QUADROS TÉCNICOS DOS CAMINHOS DE FERRO PORTUGUESES | SINDICATO DOS QUADROS E TÉCNICOS DOS TRANSPORTES RODOVIÁRIOS | SINDICATO DOS QUADROS TÉCNICOS DA INDÚSTRIA TÊXTIL DE LANIFÍCIOS | SINDICATO NACIONAL DOS QUADROS E TÉCNICOS BANCÁRIOS;
REGIONAL;2;2;ASSOCIAÇÃO REGIONAL DE SUINICULTORES DO NORDESTE | ASSOCIAÇÃO REGIONAL DOS PANIFICADORES DO BAIXO ALENTEJO E ALGARVE;
SAP;2;2;SINDICATO DOS ADVOGADOS PORTUGUESES (SAP) | SINDICATO DOS TRABALHADORES ADMINISTRATIVOS DA ACTIVIDADE PORTUÁRIA;
SECTORTEXTILBEIRA;2;2;SINDICATO DOS TRABALHADORES DO SECTOR TÊXTIL DA BEIRA ALTA | SINDICATO DOS TRABALHADORES DO SECTOR TÊXTIL DA BEIRA BAIXA;
SINTES;2;2;SINDICATO NACIONAL DOS TÉCNICOS DA SAÚDE | SINDICATO NACIONAL DOS TÉCNICOS DE SAÚDE;
SITESC;5;2;SINDICATO DE QUADROS, TÉCNICOS ADMINISTRATIVOS, SERVIÇOS E NOVAS TECNOLOGIAS | SINDICATO DOS TRABALHADORES DE ESCRITÓRIO, COMÉRCIO E SERVIÇOS DO DISTRITO DE PORTALEGRE | SINDICATO DOS TRABALHADORES DE ESCRITÓRIO, SERVIÇOS E COMÉRCIO | SINDICATO DOS TRABALHADORES DE ESCRITÓRIOS, SERVIÇOS, COMÉRCIO, ALIMENTAÇÃO, HOTELARIA E TURISMO | SINDICATO DOS TRABALHADORES DO COMÉRCIO, SERVIÇOS, ALIMENTAÇÃO, HOTELARIA E TURISMO;
SMD;2;2;SINDICATO DOS MÉDICOS DENTISTAS | SINDICATO DOS MÉDICOS DENTISTAS;
SNE;2;2;SINDICATO NACIONAL DOS ENFERMEIROS | SINDICATO NACIONAL DOS ENGENHEIROS;
SNOP;2;2;SINDICATO NACIONAL DE OFICIAIS DE POLICIA | SINDICATO NACIONAL DOS ODONTOLOGISTAS PORTUGUESES;
SPAS;2;2;ASSOCIAÇÃO PORTUGUESA DE SPAS | SINDICATO DOS PROFISSIONAIS ADMINISTRATIVOS DA SAÚDE (SPAS);
STE;3;2;SINDICATO DOS QUADROS TÉCNICOS DO ESTADO | SINDICATO DOS QUADROS TÉCNICOS DO ESTADO E DE ENTIDADES COM FINS PÚBLICOS | SINDICATO NACIONAL DOS TÉCNICOS DE EMPREGO;
STML;2;2;SINDICATO DOS TRABALHADORES DO METROPOLITANO DE LISBOA | SINDICATO DOS TRABALHADORES DO MUNICÍPIO DE LISBOA;
STMTM;2;2;SINDICATO TÊXTIL DO MINHO E TRÁS-OS-MONTES | SINDICATO TÊXTIL DO MINHO E TRÁS-OS-MONTES;
STRN;2;2;SINDICATO DOS TRABALHADORES DOS REGISTOS E DO NOTARIADO | SINDICATO DOS TRABALHADORES RODOVIÁRIOS DO NORTE;
TELEFONISTASOFICIOS;3;2;SINDICATO DOS TELEFONISTAS E OFÍCIOS CORRELATIVOS DO DISTRITO DE LISBOA | SINDICATO DOS TELEFONISTAS E OFICIOS CORRELATIVOS DO NORTE | SINDICATO NACIONAL DOS TELEFONISTAS E OFÍCIOS CORRELATIVOS DO DISTRITO DE LISBOA;
TEXTEISDISTRITO;2;2;SINDICATO DOS TRABALHADORES TÊXTEIS DO DISTRITO DE SANTARÉM | SINDICATO DOS TRABALHADORES TÊXTEIS DO DISTRITO DE SETÚBAL;
TEXTEISLANIFICIOS;5;3;FEDERAÇÃO DOS SINDICATOS DOS TRABALHADORES TÊXTEIS, LANIFÍCIOS E VESTUÁRIO DE PORTUGAL | SINDICATO DOS TRABALHADORES TÊXTEIS, LANIFÍCIOS E VESTUÁRIO DO CENTRO | SINDICATO DOS TRABALHADORES TEXTEIS, LANIFÍCIOS E VESTUÁRIO DO SUL | SINDICATO DOS TRABALHADORES TEXTEIS, LANIFICIOS, VESTUÁRIO, CALÇADO E CURTUMES DO SUL | SINDICATO DOS TRABALHADORES TÊXTEIS, LANIFÍCIOS, VESTUÁRIO, CALÇADO, ESTOFOS, CORDOARIA, LAVANDARIAS E AFINS DO CENTRO;
TRANSPORTES;24;19;FEDERAÇÃO PORTUGUESA DE TRANSPORTES | FEDERAÇÃO DOS SINDICATOS DE TRANSPORTES RODOVIÁRIOS | FEDERAÇÃO DOS SINDICATOS DE TRANSPORTES RODOVIÁRIOS E URBANOS | SINDICATO DOS PROFISSIONAIS DE TRANSPORTES, EMPREGADOS EM GARAGENS, ESTAÇÕES DE SERVIÇO, STANDS DE AUTOMÓVEIS E OFÍCIOS CORRELATIVOS DO DISTRITO DE AVEIRO | SINDICATO DOS PROFISSIONAIS DOS TRANSPORTES RODOVIÁRIOS, EMPREGADOS EM GARAGENS, ESTAÇÕES DE SERVIÇO, STAND DE AUTOMÓVEIS E OFÍCIOS CORRELATIVOS DO DISTRITO DE AVEIRO | SINDICATO DOS TRABALHADORES DE TRANSPORTES RODOVIÁRIOS DE AVEIRO | SINDICATO DOS TRABALHADORES DE TRANSPORTES RODOVIÁRIOS DO SUL | SINDICATO DOS TRABALHADORES DE TRANSPORTES RODOVIÁRIOS E URBANOS DE VIANA DO CASTELO | SINDICATO DOS TRABALHADORES DE TRANSPORTES RODOVIÁRIOS E URBANOS DE VISEU | SINDICATO DOS TRABALHADORES DE TRANSPORTES RODOVIÁRIOS E URBANOS DO PORTO | SINDICATO DOS TRABALHADORES DOS TRANSPORTES RODOVIÁRIOS, GARAGENS, POSTOS DE ABASTECIMENTOS E OFÍCIOS CORRELATIVOS DO CENTRO E SUL | SINDICATO DOS TRANSPORTES RODOVIÁRIOS DO DISTRITO DA GUARDA | SINDICATO DOS TRANSPORTES RODOVIÁRIOS DO DISTRITO DE AVEIRO | SINDICATO DOS TRANSPORTES RODOVIÁRIOS DO DISTRITO DE BRAGA | SINDICATO DOS TRANSPORTES RODOVIÁRIOS DO DISTRITO DE BRAGANÇA | SINDICATO DOS TRANSPORTES RODOVIÁRIOS DO DISTRITO DE CASTELO BRANCO | SINDICATO DOS TRANSPORTES RODOVIÁRIOS DO DISTRITO DE FARO | SINDICATO DOS TRANSPORTES RODOVIÁRIOS DO DISTRITO DE LEIRIA | SINDICATO DOS TRANSPORTES RODOVIÁRIOS DO DISTRITO DE LISBOA | SINDICATO DOS TRANSPORTES RODOVIÁRIOS DO DISTRITO DE SANTARÉM | SINDICATO DOS TRANSPORTES RODOVIÁRIOS DO DISTRITO DE VIANA DO CASTELO | SINDICATO DOS TRANSPORTES RODOVIÁRIOS DO DISTRITO DE VILA REAL | SINDICATO DOS TRANSPORTES RODOVIÁRIOS DO DISTRITO DE VISEU | SINDICATO DOS TRANSPORTES RODOVIÁRIOS DO DISTRITO DO PORTO;
TREINADORESFUTEBOL;2;2;ASSOCIAÇÃO NACIONAL DOS TREINADORES DE FUTEBOL | SINDICATO DOS TREINADORES DE FUTEBOL;
UIPSS;2;2;UNIÃO DAS INSTITUIÇÕES PARTICULARES DE SOLIDARIEDADE SOCIAL | UNIÃO DAS INSTITUIÇÕES PARTICULARES DE SOLIDARIEDADE SOCIAL;
UNIHSNOR;4;2;UNIÃO DAS ASSOCIAÇÕES DA HOTELARIA E RESTAURAÇÃO DO NORTE DE PORTUGAL | UNIÃO DAS ASSOCIAÇÕES DA INDÚSTRIA HOTELEIRA, RESTAURAÇÃO, CAFÉS, PASTELARIAS E SIMILARES DO NORTE DE PORTUGAL | UNIÃO DOS INDÚSTRIAIS DE HOTELARIA E SIMILARES DO NORTE DE PORTUGAL | UNIHSNOR PORTUGAL - UNIÃO DAS EMPRESAS DE HOTELARIA, DE RESTAURAÇÃO E DE TURISMO DE PORTUGAL;
USAN;2;2;UNIÃO DOS SINDICATOS DE AVEIRO/CGTP-IN | UNIÃO DOS SINDICATOS DO ALGARVE/CGTP-IN;
USB;2;2;UNIÃO DOS SINDICATOS DE BRAGA - CGTP-IN | UNIÃO DOS SINDICATOS DE BRAGANÇA;
USBN;2;2;UNIÃO DOS SINDICATOS DE BRAGANÇA (U.S. BRAGANÇA | UNIÃO DOS SINDICATOS DO DISTRITO DE BRAGA;
USSN;2;2;UNIÃO DOS SINDICATOS DE SETÚBAL /CGTP-IN | UNIÃO DOS SINDICATOS DO DISTRITO DE SANTARÉM/CGTP - INTERSINDICAL NACIONAL;
VESTUARIOLAVANDARIAS;2;2;SINDICATO DOS TRABALHADORES DE VESTUÁRIO, LAVANDARIAS E TINTURARIAS DO DISTRITO DE BRAGA | SINDICATO DOS TRABALHADORES DO VESTUÁRIO, LAVANDARIAS E TINTURARIAS DO DISTRITO DE AVEIRO;
ZONANORTE;3;3;SINDICATO DOS TRABALHADORES DA FUNÇÃO PÚBLICA - ZONA NORTE | SINDICATO DOS TRABALHADORES DA SAÚDE E SEGURANÇA SOCIAL - ZONA NORTE | SINDICATO DOS TRABALHADORES DAS INDÚSTRIAS DE CELULOSE, PAPEL, CARTONAGEM E AFINS - ZONA NORTE;
